{
    "name": "Best way to navigate",
    "icon": "minecraft:map",
    "category": "bluelotus:basics",
    "pages": [
        {
            "type": "patchouli:spotlight",
            "item": "antiqueatlas:empty_antique_atlas",
            "title": "Best way to navigate",
            "text": "The Anique Atlas is an useful map item and a must have for a explorers. In the atlas you can use markes for easier navigation. You can also put the item in your offhand to have a physical minimap."
        },
        {
            "type": "patchouli:image",
            "title": "A map of a minecraft world",
            "images": ["bluelotus:textures/gui/entries/atlas.png"]
        }
        ]
    }