{
    "name": "Mysterious Dungeons",
    "icon": "minecraft:lantern",
    "category": "bluelotus:hints",
    "turnin": "dungeons_arise:find_bandit_towers",
    "pages": [

        {
            "type": "patchouli:quest",
            "title": "When dungeons arised...",
            "text": "There are rumours that massive dungeons exist in far away places, filled with dangeourus enemies and the great tresures. $(br) Towering above the clouds, you will surely recognize them when you find one.",
            "trigger": "dungeons_arise:find_bandit_towers"

        }

        ]
    }