{
  "schemaVersion": 1,
  "id": "bluelotus",
  "version": "1.0.0",
  "name": "Blue Lotus",
  "description": "The mod made for BlueLotus",
  "authors": [
    "aninucsalas"
  ],
  "contact": {
    "homepage": "https://mcreator.net",
    "sources": ""
  },
  "license": "GNU Lesser General Public License version 3 (LGPLv3)",
  "icon": "assets/bluelotus/icon.png",
  "environment": "*",
  "entrypoints": {
    "main": [
      "xyz.aninuscsalas.bluelotus.BluelotusMod"
    ],
    "client": [
      "xyz.aninuscsalas.bluelotus.ClientInit"
    ]
  },
  "depends": {
    "fabricloader": ">=0.14.9",
    "fabric": "*",
    "minecraft": "~1.18",
    "java": ">=17"
  }
}