{
    "name": "Origins",
    "icon": "origins:orb_of_origin",
    "category": "bluelotus:basics",
    "pages": [
        {
            "type": "patchouli:spotlight",
            "item": "origins:orb_of_origin",
            "title": "Origins",
            "text": "If you are reading this you have already chosen your origin. Origins provide special abilites, buffs and debuffs, but this is not permanent! You can change your Origin by crafing an Orb of Origin!"
        },
        {
            "type": "patchouli:empty",
            "draw_filler": false
        }
    ]
}